period,block_code,icd_code,year,month,cases,is_covid,is_complete
2019-01,J00-J06,J00,2019,1,1,False,1
2019-02,J00-J06,J00,2019,2,3,False,1
2019-03,J00-J06,J00,2019,3,2,False,1
2019-04,J00-J06,J00,2019,4,4,False,1
2019-05,J00-J06,J00,2019,5,7,False,1
2019-06,J00-J06,J00,2019,6,6,False,1
2019-07,J00-J06,J00,2019,7,11,False,1
2019-08,J00-J06,J00,2019,8,9,False,1
2019-09,J00-J06,J00,2019,9,12,False,1
2019-10,J00-J06,J00,2019,10,22,False,1
2019-11,J00-J06,J00,2019,11,5,False,1
2019-12,J00-J06,J00,2019,12,13,False,1
2020-01,J00-J06,J00,2020,1,14,True,1
2020-02,J00-J06,J00,2020,2,18,True,1
2020-03,J00-J06,J00,2020,3,1,True,1
2020-04,J00-J06,J00,2020,4,2,True,1
2020-06,J00-J06,J00,2020,6,7,True,1
2020-07,J00-J06,J00,2020,7,3,True,1
2020-08,J00-J06,J00,2020,8,1,True,1
2020-09,J00-J06,J00,2020,9,1,True,1
2020-10,J00-J06,J00,2020,10,9,True,1
2020-11,J00-J06,J00,2020,11,5,True,1
2020-12,J00-J06,J00,2020,12,6,True,1
2021-01,J00-J06,J00,2021,1,3,True,1
2021-02,J00-J06,J00,2021,2,1,True,1
2021-03,J00-J06,J00,2021,3,3,True,1
2021-05,J00-J06,J00,2021,5,2,True,1
2021-06,J00-J06,J00,2021,6,2,True,1
2021-08,J00-J06,J00,2021,8,2,True,1
2021-10,J00-J06,J00,2021,10,1,True,1
2022-01,J00-J06,J00,2022,1,2,False,1
2022-02,J00-J06,J00,2022,2,1,False,1
2022-04,J00-J06,J00,2022,4,1,False,1
2022-05,J00-J06,J00,2022,5,2,False,1
2022-06,J00-J06,J00,2022,6,4,False,1
2022-07,J00-J06,J00,2022,7,4,False,1
2022-08,J00-J06,J00,2022,8,7,False,1
2022-09,J00-J06,J00,2022,9,12,False,1
2022-10,J00-J06,J00,2022,10,7,False,1
2022-11,J00-J06,J00,2022,11,8,False,1
2023-01,J00-J06,J00,2023,1,2,False,1
2023-02,J00-J06,J00,2023,2,3,False,1
2023-03,J00-J06,J00,2023,3,3,False,1
2023-04,J00-J06,J00,2023,4,2,False,1
2023-05,J00-J06,J00,2023,5,2,False,1
2023-07,J00-J06,J00,2023,7,2,False,1
2023-08,J00-J06,J00,2023,8,3,False,1
2023-09,J00-J06,J00,2023,9,2,False,1
2023-10,J00-J06,J00,2023,10,1,False,1
2023-11,J00-J06,J00,2023,11,3,False,1
2023-12,J00-J06,J00,2023,12,4,False,1
2024-01,J00-J06,J00,2024,1,4,False,1
2024-02,J00-J06,J00,2024,2,1,False,1
2024-03,J00-J06,J00,2024,3,3,False,1
2024-04,J00-J06,J00,2024,4,2,False,1
2024-05,J00-J06,J00,2024,5,2,False,1
2024-06,J00-J06,J00,2024,6,2,False,1
2024-07,J00-J06,J00,2024,7,2,False,1
2024-08,J00-J06,J00,2024,8,1,False,1
2024-09,J00-J06,J00,2024,9,4,False,1
2024-10,J00-J06,J00,2024,10,11,False,1
2024-11,J00-J06,J00,2024,11,7,False,1
2024-12,J00-J06,J00,2024,12,4,False,1
2025-01,J00-J06,J00,2025,1,3,False,1
2025-02,J00-J06,J00,2025,2,1,False,1
2025-04,J00-J06,J00,2025,4,2,False,1
2025-05,J00-J06,J00,2025,5,8,False,1
2025-06,J00-J06,J00,2025,6,4,False,1
2025-07,J00-J06,J00,2025,7,1,False,1
2025-09,J00-J06,J00,2025,9,3,False,1
2025-10,J00-J06,J00,2025,10,6,False,1
2025-11,J00-J06,J00,2025,11,6,False,1
2025-12,J00-J06,J00,2025,12,3,False,1
2026-01,J00-J06,J00,2026,1,2,False,1
2026-02,J00-J06,J00,2026,2,4,False,1
2026-03,J00-J06,J00,2026,3,7,False,1
2026-04,J00-J06,J00,2026,4,9,False,1
2026-05,J00-J06,J00,2026,5,2,False,1
2026-06,J00-J06,J00,2026,6,4,False,1
2026-07,J00-J06,J00,2026,7,17,False,1
2026-08,J00-J06,J00,2026,8,10,False,1
2026-09,J00-J06,J00,2026,9,2,False,0
2019-03,J00-J06,J01,2019,3,8,False,1
2019-04,J00-J06,J01,2019,4,6,False,1
2019-05,J00-J06,J01,2019,5,12,False,1
2019-06,J00-J06,J01,2019,6,14,False,1
2019-07,J00-J06,J01,2019,7,46,False,1
2019-08,J00-J06,J01,2019,8,60,False,1
2019-09,J00-J06,J01,2019,9,45,False,1
2019-10,J00-J06,J01,2019,10,66,False,1
2019-11,J00-J06,J01,2019,11,74,False,1
2019-12,J00-J06,J01,2019,12,74,False,1
2020-01,J00-J06,J01,2020,1,50,True,1
2020-02,J00-J06,J01,2020,2,42,True,1
2020-03,J00-J06,J01,2020,3,28,True,1
2020-04,J00-J06,J01,2020,4,9,True,1
2020-05,J00-J06,J01,2020,5,31,True,1
2020-06,J00-J06,J01,2020,6,36,True,1
2020-07,J00-J06,J01,2020,7,36,True,1
2020-08,J00-J06,J01,2020,8,14,True,1
2020-09,J00-J06,J01,2020,9,21,True,1
2020-10,J00-J06,J01,2020,10,45,True,1
2020-11,J00-J06,J01,2020,11,37,True,1
2020-12,J00-J06,J01,2020,12,58,True,1
2021-01,J00-J06,J01,2021,1,53,True,1
2021-02,J00-J06,J01,2021,2,18,True,1
2021-03,J00-J06,J01,2021,3,27,True,1
2021-04,J00-J06,J01,2021,4,27,True,1
2021-05,J00-J06,J01,2021,5,27,True,1
2021-06,J00-J06,J01,2021,6,10,True,1
2021-08,J00-J06,J01,2021,8,19,True,1
2021-09,J00-J06,J01,2021,9,4,True,1
2021-10,J00-J06,J01,2021,10,6,True,1
2021-11,J00-J06,J01,2021,11,12,True,1
2021-12,J00-J06,J01,2021,12,11,True,1
2022-01,J00-J06,J01,2022,1,15,False,1
2022-02,J00-J06,J01,2022,2,8,False,1
2022-03,J00-J06,J01,2022,3,14,False,1
2022-04,J00-J06,J01,2022,4,22,False,1
2022-05,J00-J06,J01,2022,5,27,False,1
2022-06,J00-J06,J01,2022,6,45,False,1
2022-07,J00-J06,J01,2022,7,53,False,1
2022-08,J00-J06,J01,2022,8,56,False,1
2022-09,J00-J06,J01,2022,9,62,False,1
2022-10,J00-J06,J01,2022,10,71,False,1
2022-11,J00-J06,J01,2022,11,52,False,1
2022-12,J00-J06,J01,2022,12,41,False,1
2023-01,J00-J06,J01,2023,1,29,False,1
2023-02,J00-J06,J01,2023,2,39,False,1
2023-03,J00-J06,J01,2023,3,47,False,1
2023-04,J00-J06,J01,2023,4,31,False,1
2023-05,J00-J06,J01,2023,5,28,False,1
2023-06,J00-J06,J01,2023,6,23,False,1
2023-07,J00-J06,J01,2023,7,39,False,1
2023-08,J00-J06,J01,2023,8,45,False,1
2023-09,J00-J06,J01,2023,9,41,False,1
2023-10,J00-J06,J01,2023,10,42,False,1
2023-11,J00-J06,J01,2023,11,63,False,1
2023-12,J00-J06,J01,2023,12,64,False,1
2024-01,J00-J06,J01,2024,1,41,False,1
2024-02,J00-J06,J01,2024,2,34,False,1
2024-03,J00-J06,J01,2024,3,39,False,1
2024-04,J00-J06,J01,2024,4,19,False,1
2024-05,J00-J06,J01,2024,5,25,False,1
2024-06,J00-J06,J01,2024,6,42,False,1
2024-07,J00-J06,J01,2024,7,36,False,1
2024-08,J00-J06,J01,2024,8,39,False,1
2024-09,J00-J06,J01,2024,9,54,False,1
2024-10,J00-J06,J01,2024,10,40,False,1
2024-11,J00-J06,J01,2024,11,56,False,1
2024-12,J00-J06,J01,2024,12,109,False,1
2025-01,J00-J06,J01,2025,1,138,False,1
2025-02,J00-J06,J01,2025,2,121,False,1
2025-03,J00-J06,J01,2025,3,128,False,1
2025-04,J00-J06,J01,2025,4,95,False,1
2025-05,J00-J06,J01,2025,5,69,False,1
2025-06,J00-J06,J01,2025,6,33,False,1
2025-07,J00-J06,J01,2025,7,41,False,1
2025-08,J00-J06,J01,2025,8,48,False,1
2025-09,J00-J06,J01,2025,9,41,False,1
2025-10,J00-J06,J01,2025,10,53,False,1
2025-11,J00-J06,J01,2025,11,65,False,1
2025-12,J00-J06,J01,2025,12,45,False,1
2026-01,J00-J06,J01,2026,1,51,False,1
2026-02,J00-J06,J01,2026,2,37,False,1
2026-03,J00-J06,J01,2026,3,41,False,1
2026-04,J00-J06,J01,2026,4,9,False,1
2026-05,J00-J06,J01,2026,5,9,False,1
2026-06,J00-J06,J01,2026,6,23,False,1
2026-07,J00-J06,J01,2026,7,25,False,1
2026-08,J00-J06,J01,2026,8,25,False,1
2026-09,J00-J06,J01,2026,9,4,False,0
2019-01,J00-J06,J02,2019,1,11,False,1
2019-03,J00-J06,J02,2019,3,8,False,1
2019-04,J00-J06,J02,2019,4,9,False,1
2019-05,J00-J06,J02,2019,5,6,False,1
2019-06,J00-J06,J02,2019,6,28,False,1
2019-07,J00-J06,J02,2019,7,27,False,1
2019-08,J00-J06,J02,2019,8,33,False,1
2019-09,J00-J06,J02,2019,9,42,False,1
2019-10,J00-J06,J02,2019,10,40,False,1
2019-11,J00-J06,J02,2019,11,51,False,1
2019-12,J00-J06,J02,2019,12,53,False,1
2020-01,J00-J06,J02,2020,1,39,True,1
2020-02,J00-J06,J02,2020,2,52,True,1
2020-03,J00-J06,J02,2020,3,36,True,1
2020-04,J00-J06,J02,2020,4,24,True,1
2020-05,J00-J06,J02,2020,5,25,True,1
2020-06,J00-J06,J02,2020,6,33,True,1
2020-07,J00-J06,J02,2020,7,32,True,1
2020-08,J00-J06,J02,2020,8,32,True,1
2020-09,J00-J06,J02,2020,9,32,True,1
2020-10,J00-J06,J02,2020,10,59,True,1
2020-11,J00-J06,J02,2020,11,30,True,1
2020-12,J00-J06,J02,2020,12,29,True,1
2021-01,J00-J06,J02,2021,1,37,True,1
2021-02,J00-J06,J02,2021,2,25,True,1
2021-03,J00-J06,J02,2021,3,23,True,1
2021-04,J00-J06,J02,2021,4,24,True,1
2021-05,J00-J06,J02,2021,5,17,True,1
2021-06,J00-J06,J02,2021,6,23,True,1
2021-07,J00-J06,J02,2021,7,8,True,1
2021-08,J00-J06,J02,2021,8,38,True,1
2021-09,J00-J06,J02,2021,9,20,True,1
2021-10,J00-J06,J02,2021,10,4,True,1
2021-11,J00-J06,J02,2021,11,9,True,1
2021-12,J00-J06,J02,2021,12,10,True,1
2022-01,J00-J06,J02,2022,1,6,False,1
2022-02,J00-J06,J02,2022,2,9,False,1
2022-03,J00-J06,J02,2022,3,15,False,1
2022-04,J00-J06,J02,2022,4,11,False,1
2022-05,J00-J06,J02,2022,5,8,False,1
2022-06,J00-J06,J02,2022,6,21,False,1
2022-07,J00-J06,J02,2022,7,21,False,1
2022-08,J00-J06,J02,2022,8,24,False,1
2022-09,J00-J06,J02,2022,9,23,False,1
2022-10,J00-J06,J02,2022,10,29,False,1
2022-11,J00-J06,J02,2022,11,22,False,1
2022-12,J00-J06,J02,2022,12,17,False,1
2023-01,J00-J06,J02,2023,1,22,False,1
2023-02,J00-J06,J02,2023,2,24,False,1
2023-03,J00-J06,J02,2023,3,35,False,1
2023-04,J00-J06,J02,2023,4,24,False,1
2023-05,J00-J06,J02,2023,5,21,False,1
2023-06,J00-J06,J02,2023,6,20,False,1
2023-07,J00-J06,J02,2023,7,24,False,1
2023-08,J00-J06,J02,2023,8,26,False,1
2023-09,J00-J06,J02,2023,9,24,False,1
2023-10,J00-J06,J02,2023,10,35,False,1
2023-11,J00-J06,J02,2023,11,33,False,1
2023-12,J00-J06,J02,2023,12,31,False,1
2024-01,J00-J06,J02,2024,1,40,False,1
2024-02,J00-J06,J02,2024,2,21,False,1
2024-03,J00-J06,J02,2024,3,30,False,1
2024-04,J00-J06,J02,2024,4,23,False,1
2024-05,J00-J06,J02,2024,5,22,False,1
2024-06,J00-J06,J02,2024,6,31,False,1
2024-07,J00-J06,J02,2024,7,30,False,1
2024-08,J00-J06,J02,2024,8,23,False,1
2024-09,J00-J06,J02,2024,9,29,False,1
2024-10,J00-J06,J02,2024,10,38,False,1
2024-11,J00-J06,J02,2024,11,53,False,1
2024-12,J00-J06,J02,2024,12,43,False,1
2025-01,J00-J06,J02,2025,1,41,False,1
2025-02,J00-J06,J02,2025,2,52,False,1
2025-03,J00-J06,J02,2025,3,45,False,1
2025-04,J00-J06,J02,2025,4,55,False,1
2025-05,J00-J06,J02,2025,5,65,False,1
2025-06,J00-J06,J02,2025,6,41,False,1
2025-07,J00-J06,J02,2025,7,43,False,1
2025-08,J00-J06,J02,2025,8,34,False,1
2025-09,J00-J06,J02,2025,9,63,False,1
2025-10,J00-J06,J02,2025,10,56,False,1
2025-11,J00-J06,J02,2025,11,47,False,1
2025-12,J00-J06,J02,2025,12,37,False,1
2026-01,J00-J06,J02,2026,1,38,False,1
2026-02,J00-J06,J02,2026,2,30,False,1
2026-03,J00-J06,J02,2026,3,73,False,1
2026-04,J00-J06,J02,2026,4,119,False,1
2026-05,J00-J06,J02,2026,5,56,False,1
2026-06,J00-J06,J02,2026,6,81,False,1
2026-07,J00-J06,J02,2026,7,65,False,1
2026-08,J00-J06,J02,2026,8,69,False,1
2026-09,J00-J06,J02,2026,9,17,False,0
2019-02,J00-J06,J03,2019,2,1,False,1
2019-03,J00-J06,J03,2019,3,2,False,1
2019-04,J00-J06,J03,2019,4,1,False,1
2019-05,J00-J06,J03,2019,5,6,False,1
2019-06,J00-J06,J03,2019,6,4,False,1
2019-07,J00-J06,J03,2019,7,3,False,1
2019-08,J00-J06,J03,2019,8,11,False,1
2019-09,J00-J06,J03,2019,9,10,False,1
2019-10,J00-J06,J03,2019,10,9,False,1
2019-11,J00-J06,J03,2019,11,4,False,1
2019-12,J00-J06,J03,2019,12,7,False,1
2020-01,J00-J06,J03,2020,1,6,True,1
2020-02,J00-J06,J03,2020,2,8,True,1
2020-03,J00-J06,J03,2020,3,7,True,1
2020-04,J00-J06,J03,2020,4,12,True,1
2020-05,J00-J06,J03,2020,5,5,True,1
2020-06,J00-J06,J03,2020,6,9,True,1
2020-07,J00-J06,J03,2020,7,4,True,1
2020-08,J00-J06,J03,2020,8,7,True,1
2020-09,J00-J06,J03,2020,9,2,True,1
2020-10,J00-J06,J03,2020,10,10,True,1
2020-11,J00-J06,J03,2020,11,6,True,1
2020-12,J00-J06,J03,2020,12,13,True,1
2021-01,J00-J06,J03,2021,1,7,True,1
2021-02,J00-J06,J03,2021,2,2,True,1
2021-03,J00-J06,J03,2021,3,3,True,1
2021-04,J00-J06,J03,2021,4,9,True,1
2021-05,J00-J06,J03,2021,5,8,True,1
2021-06,J00-J06,J03,2021,6,4,True,1
2021-07,J00-J06,J03,2021,7,1,True,1
2021-08,J00-J06,J03,2021,8,1,True,1
2021-10,J00-J06,J03,2021,10,6,True,1
2021-11,J00-J06,J03,2021,11,3,True,1
2021-12,J00-J06,J03,2021,12,3,True,1
2022-01,J00-J06,J03,2022,1,4,False,1
2022-02,J00-J06,J03,2022,2,3,False,1
2022-03,J00-J06,J03,2022,3,5,False,1
2022-04,J00-J06,J03,2022,4,3,False,1
2022-05,J00-J06,J03,2022,5,5,False,1
2022-06,J00-J06,J03,2022,6,8,False,1
2022-07,J00-J06,J03,2022,7,7,False,1
2022-08,J00-J06,J03,2022,8,8,False,1
2022-09,J00-J06,J03,2022,9,1,False,1
2022-10,J00-J06,J03,2022,10,7,False,1
2022-11,J00-J06,J03,2022,11,8,False,1
2022-12,J00-J06,J03,2022,12,10,False,1
2023-01,J00-J06,J03,2023,1,2,False,1
2023-02,J00-J06,J03,2023,2,7,False,1
2023-03,J00-J06,J03,2023,3,10,False,1
2023-04,J00-J06,J03,2023,4,14,False,1
2023-05,J00-J06,J03,2023,5,6,False,1
2023-06,J00-J06,J03,2023,6,5,False,1
2023-07,J00-J06,J03,2023,7,7,False,1
2023-08,J00-J06,J03,2023,8,5,False,1
2023-09,J00-J06,J03,2023,9,6,False,1
2023-10,J00-J06,J03,2023,10,3,False,1
2023-11,J00-J06,J03,2023,11,10,False,1
2023-12,J00-J06,J03,2023,12,9,False,1
2024-01,J00-J06,J03,2024,1,6,False,1
2024-02,J00-J06,J03,2024,2,8,False,1
2024-03,J00-J06,J03,2024,3,12,False,1
2024-04,J00-J06,J03,2024,4,17,False,1
2024-05,J00-J06,J03,2024,5,4,False,1
2024-06,J00-J06,J03,2024,6,6,False,1
2024-07,J00-J06,J03,2024,7,9,False,1
2024-08,J00-J06,J03,2024,8,9,False,1
2024-09,J00-J06,J03,2024,9,11,False,1
2024-10,J00-J06,J03,2024,10,9,False,1
2024-11,J00-J06,J03,2024,11,3,False,1
2024-12,J00-J06,J03,2024,12,8,False,1
2025-01,J00-J06,J03,2025,1,8,False,1
2025-02,J00-J06,J03,2025,2,2,False,1
2025-03,J00-J06,J03,2025,3,4,False,1
2025-04,J00-J06,J03,2025,4,7,False,1
2025-05,J00-J06,J03,2025,5,12,False,1
2025-06,J00-J06,J03,2025,6,1,False,1
2025-07,J00-J06,J03,2025,7,4,False,1
2025-08,J00-J06,J03,2025,8,3,False,1
2025-09,J00-J06,J03,2025,9,8,False,1
2025-10,J00-J06,J03,2025,10,3,False,1
2025-11,J00-J06,J03,2025,11,6,False,1
2025-12,J00-J06,J03,2025,12,5,False,1
2026-01,J00-J06,J03,2026,1,2,False,1
2026-02,J00-J06,J03,2026,2,5,False,1
2026-03,J00-J06,J03,2026,3,3,False,1
2026-04,J00-J06,J03,2026,4,5,False,1
2026-05,J00-J06,J03,2026,5,4,False,1
2026-06,J00-J06,J03,2026,6,7,False,1
2026-07,J00-J06,J03,2026,7,8,False,1
2026-08,J00-J06,J03,2026,8,9,False,1
2026-09,J00-J06,J03,2026,9,3,False,0
2019-03,J00-J06,J04,2019,3,2,False,1
2019-05,J00-J06,J04,2019,5,5,False,1
2019-06,J00-J06,J04,2019,6,12,False,1
2019-07,J00-J06,J04,2019,7,20,False,1
2019-08,J00-J06,J04,2019,8,10,False,1
2019-09,J00-J06,J04,2019,9,17,False,1
2019-10,J00-J06,J04,2019,10,11,False,1
2019-11,J00-J06,J04,2019,11,28,False,1
2019-12,J00-J06,J04,2019,12,19,False,1
2020-01,J00-J06,J04,2020,1,13,True,1
2020-02,J00-J06,J04,2020,2,10,True,1
2020-03,J00-J06,J04,2020,3,9,True,1
2020-04,J00-J06,J04,2020,4,7,True,1
2020-05,J00-J06,J04,2020,5,12,True,1
2020-06,J00-J06,J04,2020,6,18,True,1
2020-07,J00-J06,J04,2020,7,9,True,1
2020-08,J00-J06,J04,2020,8,3,True,1
2020-09,J00-J06,J04,2020,9,11,True,1
2020-10,J00-J06,J04,2020,10,16,True,1
2020-11,J00-J06,J04,2020,11,14,True,1
2020-12,J00-J06,J04,2020,12,16,True,1
2021-01,J00-J06,J04,2021,1,14,True,1
2021-02,J00-J06,J04,2021,2,9,True,1
2021-03,J00-J06,J04,2021,3,13,True,1
2021-04,J00-J06,J04,2021,4,21,True,1
2021-05,J00-J06,J04,2021,5,10,True,1
2021-09,J00-J06,J04,2021,9,1,True,1
2021-10,J00-J06,J04,2021,10,3,True,1
2021-11,J00-J06,J04,2021,11,2,True,1
2021-12,J00-J06,J04,2021,12,4,True,1
2022-01,J00-J06,J04,2022,1,8,False,1
2022-02,J00-J06,J04,2022,2,12,False,1
2022-03,J00-J06,J04,2022,3,8,False,1
2022-04,J00-J06,J04,2022,4,4,False,1
2022-05,J00-J06,J04,2022,5,6,False,1
2022-06,J00-J06,J04,2022,6,8,False,1
2022-07,J00-J06,J04,2022,7,8,False,1
2022-08,J00-J06,J04,2022,8,6,False,1
2022-09,J00-J06,J04,2022,9,6,False,1
2022-10,J00-J06,J04,2022,10,6,False,1
2022-11,J00-J06,J04,2022,11,8,False,1
2022-12,J00-J06,J04,2022,12,4,False,1
2023-01,J00-J06,J04,2023,1,4,False,1
2023-02,J00-J06,J04,2023,2,7,False,1
2023-03,J00-J06,J04,2023,3,3,False,1
2023-04,J00-J06,J04,2023,4,4,False,1
2023-05,J00-J06,J04,2023,5,1,False,1
2023-06,J00-J06,J04,2023,6,4,False,1
2023-07,J00-J06,J04,2023,7,3,False,1
2023-09,J00-J06,J04,2023,9,2,False,1
2023-10,J00-J06,J04,2023,10,3,False,1
2023-11,J00-J06,J04,2023,11,5,False,1
2023-12,J00-J06,J04,2023,12,1,False,1
2024-01,J00-J06,J04,2024,1,5,False,1
2024-02,J00-J06,J04,2024,2,3,False,1
2024-03,J00-J06,J04,2024,3,4,False,1
2024-04,J00-J06,J04,2024,4,8,False,1
2024-05,J00-J06,J04,2024,5,1,False,1
2024-07,J00-J06,J04,2024,7,4,False,1
2024-08,J00-J06,J04,2024,8,1,False,1
2024-09,J00-J06,J04,2024,9,2,False,1
2024-10,J00-J06,J04,2024,10,1,False,1
2024-11,J00-J06,J04,2024,11,9,False,1
2024-12,J00-J06,J04,2024,12,16,False,1
2025-01,J00-J06,J04,2025,1,12,False,1
2025-02,J00-J06,J04,2025,2,16,False,1
2025-03,J00-J06,J04,2025,3,12,False,1
2025-04,J00-J06,J04,2025,4,15,False,1
2025-05,J00-J06,J04,2025,5,14,False,1
2025-06,J00-J06,J04,2025,6,12,False,1
2025-07,J00-J06,J04,2025,7,2,False,1
2025-08,J00-J06,J04,2025,8,14,False,1
2025-09,J00-J06,J04,2025,9,12,False,1
2025-10,J00-J06,J04,2025,10,16,False,1
2025-11,J00-J06,J04,2025,11,4,False,1
2025-12,J00-J06,J04,2025,12,3,False,1
2026-01,J00-J06,J04,2026,1,1,False,1
2026-02,J00-J06,J04,2026,2,1,False,1
2026-04,J00-J06,J04,2026,4,1,False,1
2026-06,J00-J06,J04,2026,6,1,False,1
2026-07,J00-J06,J04,2026,7,3,False,1
2026-08,J00-J06,J04,2026,8,1,False,1
2026-09,J00-J06,J04,2026,9,1,False,0
2025-02,J00-J06,J05,2025,2,1,False,1
2019-01,J00-J06,J06,2019,1,4,False,1
2019-02,J00-J06,J06,2019,2,5,False,1
2019-03,J00-J06,J06,2019,3,2,False,1
2019-04,J00-J06,J06,2019,4,6,False,1
2019-05,J00-J06,J06,2019,5,1,False,1
2019-06,J00-J06,J06,2019,6,4,False,1
2019-07,J00-J06,J06,2019,7,3,False,1
2019-08,J00-J06,J06,2019,8,40,False,1
2019-09,J00-J06,J06,2019,9,19,False,1
2019-10,J00-J06,J06,2019,10,43,False,1
2019-11,J00-J06,J06,2019,11,58,False,1
2019-12,J00-J06,J06,2019,12,56,False,1
2020-01,J00-J06,J06,2020,1,25,True,1
2020-02,J00-J06,J06,2020,2,39,True,1
2020-03,J00-J06,J06,2020,3,37,True,1
2020-04,J00-J06,J06,2020,4,25,True,1
2020-05,J00-J06,J06,2020,5,36,True,1
2020-06,J00-J06,J06,2020,6,60,True,1
2020-07,J00-J06,J06,2020,7,52,True,1
2020-08,J00-J06,J06,2020,8,30,True,1
2020-09,J00-J06,J06,2020,9,52,True,1
2020-10,J00-J06,J06,2020,10,65,True,1
2020-11,J00-J06,J06,2020,11,39,True,1
2020-12,J00-J06,J06,2020,12,48,True,1
2021-01,J00-J06,J06,2021,1,52,True,1
2021-02,J00-J06,J06,2021,2,35,True,1
2021-03,J00-J06,J06,2021,3,40,True,1
2021-04,J00-J06,J06,2021,4,45,True,1
2021-05,J00-J06,J06,2021,5,46,True,1
2021-06,J00-J06,J06,2021,6,37,True,1
2021-07,J00-J06,J06,2021,7,27,True,1
2021-08,J00-J06,J06,2021,8,7,True,1
2021-09,J00-J06,J06,2021,9,15,True,1
2021-10,J00-J06,J06,2021,10,9,True,1
2021-11,J00-J06,J06,2021,11,26,True,1
2021-12,J00-J06,J06,2021,12,44,True,1
2022-01,J00-J06,J06,2022,1,20,False,1
2022-02,J00-J06,J06,2022,2,9,False,1
2022-03,J00-J06,J06,2022,3,26,False,1
2022-04,J00-J06,J06,2022,4,29,False,1
2022-05,J00-J06,J06,2022,5,17,False,1
2022-06,J00-J06,J06,2022,6,33,False,1
2022-07,J00-J06,J06,2022,7,36,False,1
2022-08,J00-J06,J06,2022,8,29,False,1
2022-09,J00-J06,J06,2022,9,63,False,1
2022-10,J00-J06,J06,2022,10,67,False,1
2022-11,J00-J06,J06,2022,11,61,False,1
2022-12,J00-J06,J06,2022,12,50,False,1
2023-01,J00-J06,J06,2023,1,39,False,1
2023-02,J00-J06,J06,2023,2,52,False,1
2023-03,J00-J06,J06,2023,3,69,False,1
2023-04,J00-J06,J06,2023,4,45,False,1
2023-05,J00-J06,J06,2023,5,45,False,1
2023-06,J00-J06,J06,2023,6,37,False,1
2023-07,J00-J06,J06,2023,7,53,False,1
2023-08,J00-J06,J06,2023,8,60,False,1
2023-09,J00-J06,J06,2023,9,48,False,1
2023-10,J00-J06,J06,2023,10,35,False,1
2023-11,J00-J06,J06,2023,11,51,False,1
2023-12,J00-J06,J06,2023,12,60,False,1
2024-01,J00-J06,J06,2024,1,55,False,1
2024-02,J00-J06,J06,2024,2,38,False,1
2024-03,J00-J06,J06,2024,3,59,False,1
2024-04,J00-J06,J06,2024,4,49,False,1
2024-05,J00-J06,J06,2024,5,72,False,1
2024-06,J00-J06,J06,2024,6,58,False,1
2024-07,J00-J06,J06,2024,7,44,False,1
2024-08,J00-J06,J06,2024,8,45,False,1
2024-09,J00-J06,J06,2024,9,39,False,1
2024-10,J00-J06,J06,2024,10,49,False,1
2024-11,J00-J06,J06,2024,11,19,False,1
2024-12,J00-J06,J06,2024,12,18,False,1
2025-01,J00-J06,J06,2025,1,16,False,1
2025-02,J00-J06,J06,2025,2,29,False,1
2025-03,J00-J06,J06,2025,3,18,False,1
2025-04,J00-J06,J06,2025,4,11,False,1
2025-05,J00-J06,J06,2025,5,11,False,1
2025-06,J00-J06,J06,2025,6,19,False,1
2025-07,J00-J06,J06,2025,7,18,False,1
2025-08,J00-J06,J06,2025,8,17,False,1
2025-09,J00-J06,J06,2025,9,34,False,1
2025-10,J00-J06,J06,2025,10,67,False,1
2025-11,J00-J06,J06,2025,11,52,False,1
2025-12,J00-J06,J06,2025,12,53,False,1
2026-01,J00-J06,J06,2026,1,48,False,1
2026-02,J00-J06,J06,2026,2,27,False,1
2026-03,J00-J06,J06,2026,3,43,False,1
2026-04,J00-J06,J06,2026,4,48,False,1
2026-05,J00-J06,J06,2026,5,30,False,1
2026-06,J00-J06,J06,2026,6,43,False,1
2026-07,J00-J06,J06,2026,7,23,False,1
2026-08,J00-J06,J06,2026,8,22,False,1
2026-09,J00-J06,J06,2026,9,11,False,0
2025-09,J09-J18,J09,2025,9,6,False,1
2025-10,J09-J18,J09,2025,10,33,False,1
2025-11,J09-J18,J09,2025,11,11,False,1
2025-12,J09-J18,J09,2025,12,3,False,1
2026-03,J09-J18,J09,2026,3,2,False,1
2026-04,J09-J18,J09,2026,4,1,False,1
2019-10,J09-J18,J10,2019,10,1,False,1
2020-08,J09-J18,J10,2020,8,1,True,1
2020-09,J09-J18,J10,2020,9,7,True,1
2020-12,J09-J18,J10,2020,12,1,True,1
2021-11,J09-J18,J10,2021,11,1,True,1
2021-12,J09-J18,J10,2021,12,1,True,1
2022-02,J09-J18,J10,2022,2,1,False,1
2022-10,J09-J18,J10,2022,10,1,False,1
2022-11,J09-J18,J10,2022,11,2,False,1
2023-01,J09-J18,J10,2023,1,3,False,1
2023-02,J09-J18,J10,2023,2,1,False,1
2023-03,J09-J18,J10,2023,3,1,False,1
2023-04,J09-J18,J10,2023,4,1,False,1
2023-09,J09-J18,J10,2023,9,15,False,1
2023-10,J09-J18,J10,2023,10,12,False,1
2023-11,J09-J18,J10,2023,11,4,False,1
2023-12,J09-J18,J10,2023,12,5,False,1
2024-01,J09-J18,J10,2024,1,4,False,1
2024-02,J09-J18,J10,2024,2,1,False,1
2024-03,J09-J18,J10,2024,3,2,False,1
2024-04,J09-J18,J10,2024,4,3,False,1
2024-05,J09-J18,J10,2024,5,3,False,1
2024-06,J09-J18,J10,2024,6,2,False,1
2024-11,J09-J18,J10,2024,11,1,False,1
2025-01,J09-J18,J10,2025,1,2,False,1
2025-03,J09-J18,J10,2025,3,1,False,1
2025-09,J09-J18,J10,2025,9,8,False,1
2025-10,J09-J18,J10,2025,10,8,False,1
2025-11,J09-J18,J10,2025,11,5,False,1
2025-12,J09-J18,J10,2025,12,1,False,1
2026-01,J09-J18,J10,2026,1,1,False,1
2026-07,J09-J18,J10,2026,7,2,False,1
2026-08,J09-J18,J10,2026,8,3,False,1
2019-01,J09-J18,J11,2019,1,2,False,1
2019-02,J09-J18,J11,2019,2,1,False,1
2019-03,J09-J18,J11,2019,3,1,False,1
2019-04,J09-J18,J11,2019,4,2,False,1
2019-05,J09-J18,J11,2019,5,4,False,1
2019-06,J09-J18,J11,2019,6,2,False,1
2019-07,J09-J18,J11,2019,7,7,False,1
2019-08,J09-J18,J11,2019,8,5,False,1
2019-09,J09-J18,J11,2019,9,6,False,1
2019-10,J09-J18,J11,2019,10,5,False,1
2019-11,J09-J18,J11,2019,11,1,False,1
2019-12,J09-J18,J11,2019,12,1,False,1
2020-07,J09-J18,J11,2020,7,1,True,1
2020-09,J09-J18,J11,2020,9,2,True,1
2020-10,J09-J18,J11,2020,10,5,True,1
2020-12,J09-J18,J11,2020,12,1,True,1
2021-05,J09-J18,J11,2021,5,1,True,1
2022-05,J09-J18,J11,2022,5,1,False,1
2022-06,J09-J18,J11,2022,6,3,False,1
2022-07,J09-J18,J11,2022,7,9,False,1
2022-08,J09-J18,J11,2022,8,12,False,1
2022-09,J09-J18,J11,2022,9,9,False,1
2022-10,J09-J18,J11,2022,10,5,False,1
2022-11,J09-J18,J11,2022,11,5,False,1
2022-12,J09-J18,J11,2022,12,4,False,1
2023-01,J09-J18,J11,2023,1,3,False,1
2023-02,J09-J18,J11,2023,2,2,False,1
2023-03,J09-J18,J11,2023,3,6,False,1
2023-04,J09-J18,J11,2023,4,7,False,1
2023-06,J09-J18,J11,2023,6,11,False,1
2023-11,J09-J18,J11,2023,11,1,False,1
2024-05,J09-J18,J11,2024,5,1,False,1
2024-06,J09-J18,J11,2024,6,1,False,1
2025-03,J09-J18,J11,2025,3,2,False,1
2025-08,J09-J18,J11,2025,8,1,False,1
2025-10,J09-J18,J11,2025,10,5,False,1
2026-07,J09-J18,J11,2026,7,2,False,1
2026-08,J09-J18,J11,2026,8,1,False,1
2020-03,J09-J18,J12,2020,3,1,True,1
2020-06,J09-J18,J12,2020,6,1,True,1
2020-07,J09-J18,J12,2020,7,1,True,1
2021-08,J09-J18,J12,2021,8,2,True,1
2021-09,J09-J18,J12,2021,9,3,True,1
2021-10,J09-J18,J12,2021,10,3,True,1
2021-11,J09-J18,J12,2021,11,2,True,1
2021-12,J09-J18,J12,2021,12,3,True,1
2022-01,J09-J18,J12,2022,1,9,False,1
2022-03,J09-J18,J12,2022,3,15,False,1
2022-04,J09-J18,J12,2022,4,16,False,1
2022-05,J09-J18,J12,2022,5,4,False,1
2022-06,J09-J18,J12,2022,6,3,False,1
2022-08,J09-J18,J12,2022,8,4,False,1
2022-10,J09-J18,J12,2022,10,1,False,1
2022-11,J09-J18,J12,2022,11,1,False,1
2022-12,J09-J18,J12,2022,12,1,False,1
2023-02,J09-J18,J12,2023,2,1,False,1
2023-09,J09-J18,J12,2023,9,1,False,1
2024-03,J09-J18,J12,2024,3,1,False,1
2024-08,J09-J18,J12,2024,8,1,False,1
2025-04,J09-J18,J12,2025,4,1,False,1
2025-08,J09-J18,J12,2025,8,1,False,1
2025-10,J09-J18,J12,2025,10,1,False,1
2026-08,J09-J18,J12,2026,8,1,False,1
2021-11,J09-J18,J13,2021,11,2,True,1
2025-10,J09-J18,J13,2025,10,1,False,1
2026-08,J09-J18,J13,2026,8,1,False,1
2025-10,J09-J18,J14,2025,10,1,False,1
2019-01,J09-J18,J15,2019,1,3,False,1
2019-02,J09-J18,J15,2019,2,1,False,1
2019-04,J09-J18,J15,2019,4,1,False,1
2019-05,J09-J18,J15,2019,5,2,False,1
2019-06,J09-J18,J15,2019,6,1,False,1
2019-07,J09-J18,J15,2019,7,2,False,1
2019-08,J09-J18,J15,2019,8,1,False,1
2019-09,J09-J18,J15,2019,9,1,False,1
2019-10,J09-J18,J15,2019,10,1,False,1
2019-11,J09-J18,J15,2019,11,2,False,1
2019-12,J09-J18,J15,2019,12,2,False,1
2020-01,J09-J18,J15,2020,1,1,True,1
2020-03,J09-J18,J15,2020,3,1,True,1
2020-05,J09-J18,J15,2020,5,1,True,1
2020-06,J09-J18,J15,2020,6,1,True,1
2020-07,J09-J18,J15,2020,7,1,True,1
2020-08,J09-J18,J15,2020,8,2,True,1
2020-10,J09-J18,J15,2020,10,3,True,1
2020-11,J09-J18,J15,2020,11,1,True,1
2020-12,J09-J18,J15,2020,12,6,True,1
2021-01,J09-J18,J15,2021,1,3,True,1
2021-02,J09-J18,J15,2021,2,1,True,1
2021-03,J09-J18,J15,2021,3,1,True,1
2021-05,J09-J18,J15,2021,5,2,True,1
2021-06,J09-J18,J15,2021,6,2,True,1
2021-07,J09-J18,J15,2021,7,2,True,1
2021-09,J09-J18,J15,2021,9,1,True,1
2021-10,J09-J18,J15,2021,10,1,True,1
2021-11,J09-J18,J15,2021,11,1,True,1
2022-01,J09-J18,J15,2022,1,1,False,1
2022-02,J09-J18,J15,2022,2,1,False,1
2022-06,J09-J18,J15,2022,6,1,False,1
2022-07,J09-J18,J15,2022,7,2,False,1
2022-08,J09-J18,J15,2022,8,2,False,1
2022-09,J09-J18,J15,2022,9,1,False,1
2022-10,J09-J18,J15,2022,10,1,False,1
2022-11,J09-J18,J15,2022,11,1,False,1
2022-12,J09-J18,J15,2022,12,1,False,1
2023-01,J09-J18,J15,2023,1,1,False,1
2023-02,J09-J18,J15,2023,2,1,False,1
2023-05,J09-J18,J15,2023,5,2,False,1
2023-06,J09-J18,J15,2023,6,3,False,1
2023-08,J09-J18,J15,2023,8,2,False,1
2023-11,J09-J18,J15,2023,11,1,False,1
2023-12,J09-J18,J15,2023,12,4,False,1
2024-03,J09-J18,J15,2024,3,2,False,1
2024-05,J09-J18,J15,2024,5,1,False,1
2024-06,J09-J18,J15,2024,6,1,False,1
2024-09,J09-J18,J15,2024,9,3,False,1
2024-10,J09-J18,J15,2024,10,2,False,1
2025-01,J09-J18,J15,2025,1,4,False,1
2025-02,J09-J18,J15,2025,2,5,False,1
2025-03,J09-J18,J15,2025,3,6,False,1
2025-04,J09-J18,J15,2025,4,7,False,1
2025-05,J09-J18,J15,2025,5,9,False,1
2025-06,J09-J18,J15,2025,6,7,False,1
2025-07,J09-J18,J15,2025,7,12,False,1
2025-08,J09-J18,J15,2025,8,8,False,1
2025-09,J09-J18,J15,2025,9,14,False,1
2025-10,J09-J18,J15,2025,10,15,False,1
2025-11,J09-J18,J15,2025,11,4,False,1
2025-12,J09-J18,J15,2025,12,5,False,1
2026-01,J09-J18,J15,2026,1,10,False,1
2026-02,J09-J18,J15,2026,2,9,False,1
2026-03,J09-J18,J15,2026,3,4,False,1
2026-04,J09-J18,J15,2026,4,9,False,1
2026-05,J09-J18,J15,2026,5,11,False,1
2026-06,J09-J18,J15,2026,6,9,False,1
2026-07,J09-J18,J15,2026,7,29,False,1
2026-08,J09-J18,J15,2026,8,20,False,1
2026-09,J09-J18,J15,2026,9,8,False,0
2020-02,J09-J18,J16,2020,2,1,True,1
2020-03,J09-J18,J16,2020,3,1,True,1
2021-11,J09-J18,J16,2021,11,1,True,1
2022-06,J09-J18,J16,2022,6,1,False,1
2022-10,J09-J18,J16,2022,10,1,False,1
2023-05,J09-J18,J16,2023,5,1,False,1
2024-10,J09-J18,J16,2024,10,1,False,1
2025-04,J09-J18,J16,2025,4,1,False,1
2025-05,J09-J18,J16,2025,5,1,False,1
2025-08,J09-J18,J16,2025,8,1,False,1
2025-11,J09-J18,J16,2025,11,1,False,1
2026-05,J09-J18,J16,2026,5,1,False,1
2026-06,J09-J18,J16,2026,6,3,False,1
2026-07,J09-J18,J16,2026,7,1,False,1
2021-08,J09-J18,J17,2021,8,1,True,1
2022-02,J09-J18,J17,2022,2,1,False,1
2022-03,J09-J18,J17,2022,3,1,False,1
2022-04,J09-J18,J17,2022,4,1,False,1
2022-06,J09-J18,J17,2022,6,1,False,1
2022-10,J09-J18,J17,2022,10,1,False,1
2023-09,J09-J18,J17,2023,9,1,False,1
2023-12,J09-J18,J17,2023,12,1,False,1
2025-01,J09-J18,J17,2025,1,1,False,1
2025-04,J09-J18,J17,2025,4,1,False,1
2025-05,J09-J18,J17,2025,5,2,False,1
2025-06,J09-J18,J17,2025,6,1,False,1
2025-07,J09-J18,J17,2025,7,1,False,1
2025-08,J09-J18,J17,2025,8,2,False,1
2025-09,J09-J18,J17,2025,9,2,False,1
2025-10,J09-J18,J17,2025,10,1,False,1
2025-12,J09-J18,J17,2025,12,1,False,1
2026-02,J09-J18,J17,2026,2,1,False,1
2026-03,J09-J18,J17,2026,3,1,False,1
2026-04,J09-J18,J17,2026,4,1,False,1
2026-05,J09-J18,J17,2026,5,1,False,1
2026-07,J09-J18,J17,2026,7,1,False,1
2026-08,J09-J18,J17,2026,8,3,False,1
2019-01,J09-J18,J18,2019,1,9,False,1
2019-02,J09-J18,J18,2019,2,2,False,1
2019-03,J09-J18,J18,2019,3,3,False,1
2019-04,J09-J18,J18,2019,4,8,False,1
2019-05,J09-J18,J18,2019,5,13,False,1
2019-06,J09-J18,J18,2019,6,22,False,1
2019-07,J09-J18,J18,2019,7,17,False,1
2019-08,J09-J18,J18,2019,8,29,False,1
2019-09,J09-J18,J18,2019,9,34,False,1
2019-10,J09-J18,J18,2019,10,41,False,1
2019-11,J09-J18,J18,2019,11,28,False,1
2019-12,J09-J18,J18,2019,12,33,False,1
2020-01,J09-J18,J18,2020,1,36,True,1
2020-02,J09-J18,J18,2020,2,23,True,1
2020-03,J09-J18,J18,2020,3,26,True,1
2020-04,J09-J18,J18,2020,4,10,True,1
2020-05,J09-J18,J18,2020,5,13,True,1
2020-06,J09-J18,J18,2020,6,29,True,1
2020-07,J09-J18,J18,2020,7,25,True,1
2020-08,J09-J18,J18,2020,8,22,True,1
2020-09,J09-J18,J18,2020,9,26,True,1
2020-10,J09-J18,J18,2020,10,60,True,1
2020-11,J09-J18,J18,2020,11,32,True,1
2020-12,J09-J18,J18,2020,12,17,True,1
2021-01,J09-J18,J18,2021,1,21,True,1
2021-02,J09-J18,J18,2021,2,16,True,1
2021-03,J09-J18,J18,2021,3,19,True,1
2021-04,J09-J18,J18,2021,4,15,True,1
2021-05,J09-J18,J18,2021,5,15,True,1
2021-06,J09-J18,J18,2021,6,6,True,1
2021-07,J09-J18,J18,2021,7,22,True,1
2021-08,J09-J18,J18,2021,8,26,True,1
2021-09,J09-J18,J18,2021,9,22,True,1
2021-10,J09-J18,J18,2021,10,39,True,1
2021-11,J09-J18,J18,2021,11,52,True,1
2021-12,J09-J18,J18,2021,12,53,True,1
2022-01,J09-J18,J18,2022,1,70,False,1
2022-02,J09-J18,J18,2022,2,72,False,1
2022-03,J09-J18,J18,2022,3,123,False,1
2022-04,J09-J18,J18,2022,4,103,False,1
2022-05,J09-J18,J18,2022,5,79,False,1
2022-06,J09-J18,J18,2022,6,88,False,1
2022-07,J09-J18,J18,2022,7,88,False,1
2022-08,J09-J18,J18,2022,8,107,False,1
2022-09,J09-J18,J18,2022,9,106,False,1
2022-10,J09-J18,J18,2022,10,105,False,1
2022-11,J09-J18,J18,2022,11,77,False,1
2022-12,J09-J18,J18,2022,12,84,False,1
2023-01,J09-J18,J18,2023,1,33,False,1
2023-02,J09-J18,J18,2023,2,43,False,1
2023-03,J09-J18,J18,2023,3,44,False,1
2023-04,J09-J18,J18,2023,4,37,False,1
2023-05,J09-J18,J18,2023,5,42,False,1
2023-06,J09-J18,J18,2023,6,35,False,1
2023-07,J09-J18,J18,2023,7,60,False,1
2023-08,J09-J18,J18,2023,8,56,False,1
2023-09,J09-J18,J18,2023,9,38,False,1
2023-10,J09-J18,J18,2023,10,53,False,1
2023-11,J09-J18,J18,2023,11,70,False,1
2023-12,J09-J18,J18,2023,12,59,False,1
2024-01,J09-J18,J18,2024,1,55,False,1
2024-02,J09-J18,J18,2024,2,29,False,1
2024-03,J09-J18,J18,2024,3,56,False,1
2024-04,J09-J18,J18,2024,4,35,False,1
2024-05,J09-J18,J18,2024,5,40,False,1
2024-06,J09-J18,J18,2024,6,41,False,1
2024-07,J09-J18,J18,2024,7,77,False,1
2024-08,J09-J18,J18,2024,8,93,False,1
2024-09,J09-J18,J18,2024,9,103,False,1
2024-10,J09-J18,J18,2024,10,166,False,1
2024-11,J09-J18,J18,2024,11,177,False,1
2024-12,J09-J18,J18,2024,12,158,False,1
2025-01,J09-J18,J18,2025,1,153,False,1
2025-02,J09-J18,J18,2025,2,155,False,1
2025-03,J09-J18,J18,2025,3,161,False,1
2025-04,J09-J18,J18,2025,4,146,False,1
2025-05,J09-J18,J18,2025,5,157,False,1
2025-06,J09-J18,J18,2025,6,175,False,1
2025-07,J09-J18,J18,2025,7,193,False,1
2025-08,J09-J18,J18,2025,8,191,False,1
2025-09,J09-J18,J18,2025,9,183,False,1
2025-10,J09-J18,J18,2025,10,263,False,1
2025-11,J09-J18,J18,2025,11,220,False,1
2025-12,J09-J18,J18,2025,12,214,False,1
2026-01,J09-J18,J18,2026,1,162,False,1
2026-02,J09-J18,J18,2026,2,151,False,1
2026-03,J09-J18,J18,2026,3,169,False,1
2026-04,J09-J18,J18,2026,4,170,False,1
2026-05,J09-J18,J18,2026,5,160,False,1
2026-06,J09-J18,J18,2026,6,155,False,1
2026-07,J09-J18,J18,2026,7,179,False,1
2026-08,J09-J18,J18,2026,8,163,False,1
2026-09,J09-J18,J18,2026,9,46,False,0
2019-01,J20-J22,J20,2019,1,1,False,1
2019-03,J20-J22,J20,2019,3,5,False,1
2019-04,J20-J22,J20,2019,4,5,False,1
2019-05,J20-J22,J20,2019,5,21,False,1
2019-06,J20-J22,J20,2019,6,43,False,1
2019-07,J20-J22,J20,2019,7,38,False,1
2019-08,J20-J22,J20,2019,8,25,False,1
2019-09,J20-J22,J20,2019,9,56,False,1
2019-10,J20-J22,J20,2019,10,56,False,1
2019-11,J20-J22,J20,2019,11,43,False,1
2019-12,J20-J22,J20,2019,12,44,False,1
2020-01,J20-J22,J20,2020,1,62,True,1
2020-02,J20-J22,J20,2020,2,51,True,1
2020-03,J20-J22,J20,2020,3,37,True,1
2020-04,J20-J22,J20,2020,4,5,True,1
2020-05,J20-J22,J20,2020,5,11,True,1
2020-06,J20-J22,J20,2020,6,21,True,1
2020-07,J20-J22,J20,2020,7,23,True,1
2020-08,J20-J22,J20,2020,8,12,True,1
2020-09,J20-J22,J20,2020,9,18,True,1
2020-10,J20-J22,J20,2020,10,33,True,1
2020-11,J20-J22,J20,2020,11,37,True,1
2020-12,J20-J22,J20,2020,12,34,True,1
2021-01,J20-J22,J20,2021,1,35,True,1
2021-02,J20-J22,J20,2021,2,25,True,1
2021-03,J20-J22,J20,2021,3,27,True,1
2021-04,J20-J22,J20,2021,4,31,True,1
2021-05,J20-J22,J20,2021,5,12,True,1
2021-06,J20-J22,J20,2021,6,12,True,1
2021-07,J20-J22,J20,2021,7,5,True,1
2021-08,J20-J22,J20,2021,8,16,True,1
2021-09,J20-J22,J20,2021,9,8,True,1
2021-10,J20-J22,J20,2021,10,13,True,1
2021-11,J20-J22,J20,2021,11,16,True,1
2021-12,J20-J22,J20,2021,12,23,True,1
2022-01,J20-J22,J20,2022,1,29,False,1
2022-02,J20-J22,J20,2022,2,26,False,1
2022-03,J20-J22,J20,2022,3,39,False,1
2022-04,J20-J22,J20,2022,4,41,False,1
2022-05,J20-J22,J20,2022,5,44,False,1
2022-06,J20-J22,J20,2022,6,42,False,1
2022-07,J20-J22,J20,2022,7,47,False,1
2022-08,J20-J22,J20,2022,8,77,False,1
2022-09,J20-J22,J20,2022,9,80,False,1
2022-10,J20-J22,J20,2022,10,101,False,1
2022-11,J20-J22,J20,2022,11,92,False,1
2022-12,J20-J22,J20,2022,12,77,False,1
2023-01,J20-J22,J20,2023,1,71,False,1
2023-02,J20-J22,J20,2023,2,93,False,1
2023-03,J20-J22,J20,2023,3,93,False,1
2023-04,J20-J22,J20,2023,4,72,False,1
2023-05,J20-J22,J20,2023,5,57,False,1
2023-06,J20-J22,J20,2023,6,63,False,1
2023-07,J20-J22,J20,2023,7,69,False,1
2023-08,J20-J22,J20,2023,8,65,False,1
2023-09,J20-J22,J20,2023,9,91,False,1
2023-10,J20-J22,J20,2023,10,107,False,1
2023-11,J20-J22,J20,2023,11,115,False,1
2023-12,J20-J22,J20,2023,12,104,False,1
2024-01,J20-J22,J20,2024,1,140,False,1
2024-02,J20-J22,J20,2024,2,96,False,1
2024-03,J20-J22,J20,2024,3,89,False,1
2024-04,J20-J22,J20,2024,4,73,False,1
2024-05,J20-J22,J20,2024,5,91,False,1
2024-06,J20-J22,J20,2024,6,62,False,1
2024-07,J20-J22,J20,2024,7,95,False,1
2024-08,J20-J22,J20,2024,8,99,False,1
2024-09,J20-J22,J20,2024,9,58,False,1
2024-10,J20-J22,J20,2024,10,76,False,1
2024-11,J20-J22,J20,2024,11,36,False,1
2024-12,J20-J22,J20,2024,12,21,False,1
2025-01,J20-J22,J20,2025,1,32,False,1
2025-02,J20-J22,J20,2025,2,37,False,1
2025-03,J20-J22,J20,2025,3,25,False,1
2025-04,J20-J22,J20,2025,4,32,False,1
2025-05,J20-J22,J20,2025,5,34,False,1
2025-06,J20-J22,J20,2025,6,39,False,1
2025-07,J20-J22,J20,2025,7,20,False,1
2025-08,J20-J22,J20,2025,8,57,False,1
2025-09,J20-J22,J20,2025,9,77,False,1
2025-10,J20-J22,J20,2025,10,109,False,1
2025-11,J20-J22,J20,2025,11,65,False,1
2025-12,J20-J22,J20,2025,12,38,False,1
2026-01,J20-J22,J20,2026,1,30,False,1
2026-02,J20-J22,J20,2026,2,31,False,1
2026-03,J20-J22,J20,2026,3,47,False,1
2026-04,J20-J22,J20,2026,4,41,False,1
2026-05,J20-J22,J20,2026,5,34,False,1
2026-06,J20-J22,J20,2026,6,29,False,1
2026-07,J20-J22,J20,2026,7,41,False,1
2026-08,J20-J22,J20,2026,8,24,False,1
2026-09,J20-J22,J20,2026,9,13,False,0
2020-03,J20-J22,J21,2020,3,1,True,1
2025-11,J20-J22,J21,2025,11,1,False,1
2025-12,J20-J22,J21,2025,12,1,False,1
2026-03,J20-J22,J21,2026,3,1,False,1
2026-07,J20-J22,J21,2026,7,1,False,1
2021-04,J20-J22,J22,2021,4,1,True,1
2025-09,J20-J22,J22,2025,9,2,False,1
