period,block_code,year,month,cases,is_covid,is_complete,temp,humidity,rainfall,temp_lag1,temp_lag2,humidity_lag1,humidity_lag2,rainfall_lag1,rainfall_lag2
2019-01,J00-J06,2019,1,16,False,1,26.82,68.39,9.7,,,,,,
2019-02,J00-J06,2019,2,9,False,1,28.03,63.39,2.5,26.82,,68.39,,9.7,
2019-03,J00-J06,2019,3,24,False,1,28.9,66.97,9.5,28.03,26.82,63.39,68.39,2.5,9.7
2019-04,J00-J06,2019,4,26,False,1,30.02,69.07,38.1,28.9,28.03,66.97,63.39,9.5,2.5
2019-05,J00-J06,2019,5,37,False,1,28.84,81.77,234.6,30.02,28.9,69.07,66.97,38.1,9.5
2019-06,J00-J06,2019,6,68,False,1,27.84,85.77,182.3,28.84,30.02,81.77,69.07,234.6,38.1
2019-07,J00-J06,2019,7,110,False,1,27.38,85.39,269.6,27.84,28.84,85.77,81.77,182.3,234.6
2019-08,J00-J06,2019,8,163,False,1,27.2,85.9,281.4,27.38,27.84,85.39,85.77,269.6,182.3
2019-09,J00-J06,2019,9,145,False,1,26.94,85.93,308.1,27.2,27.38,85.9,85.39,281.4,269.6
2019-10,J00-J06,2019,10,191,False,1,27.48,83.03,127.2,26.94,27.2,85.93,85.9,308.1,281.4
2019-11,J00-J06,2019,11,220,False,1,26.83,80.83,91.9,27.48,26.94,83.03,85.93,127.2,308.1
2019-12,J00-J06,2019,12,222,False,1,26.85,67.87,2.8,26.83,27.48,80.83,83.03,91.9,127.2
2020-01,J00-J06,2020,1,147,True,1,27.64,65.16,2.6,26.85,26.83,67.87,80.83,2.8,91.9
2020-02,J00-J06,2020,2,169,True,1,27.87,59.86,3,27.64,26.85,65.16,67.87,2.6,2.8
2020-03,J00-J06,2020,3,118,True,1,28.98,66.77,4.7,27.87,27.64,59.86,65.16,3,2.6
2020-04,J00-J06,2020,4,79,True,1,29.17,72.6,52.4,28.98,27.87,66.77,59.86,4.7,3
2020-05,J00-J06,2020,5,109,True,1,29.92,75.84,143,29.17,28.98,72.6,66.77,52.4,4.7
2020-06,J00-J06,2020,6,163,True,1,27.59,86.13,394.8,29.92,29.17,75.84,72.6,143,52.4
2020-07,J00-J06,2020,7,136,True,1,27.52,85.84,280,27.59,29.92,86.13,75.84,394.8,143
2020-08,J00-J06,2020,8,87,True,1,27.55,85.13,276.2,27.52,27.59,85.84,86.13,280,394.8
2020-09,J00-J06,2020,9,119,True,1,27.3,86.13,330.2,27.55,27.52,85.13,85.84,276.2,280
2020-10,J00-J06,2020,10,204,True,1,26.32,88.68,411.1,27.3,27.55,86.13,85.13,330.2,276.2
2020-11,J00-J06,2020,11,131,True,1,26.92,82.47,135.4,26.32,27.3,88.68,86.13,411.1,330.2
2020-12,J00-J06,2020,12,170,True,1,26.83,74.26,62.4,26.92,26.32,82.47,88.68,135.4,411.1
2021-01,J00-J06,2021,1,166,True,1,26.61,64.81,21,26.83,26.92,74.26,82.47,62.4,135.4
2021-02,J00-J06,2021,2,90,True,1,26.57,67.89,11.6,26.61,26.83,64.81,74.26,21,62.4
2021-03,J00-J06,2021,3,109,True,1,28.75,65.55,10.8,26.57,26.61,67.89,64.81,11.6,21
2021-04,J00-J06,2021,4,126,True,1,28.16,78.3,240.6,28.75,26.57,65.55,67.89,10.8,11.6
2021-05,J00-J06,2021,5,110,True,1,28.4,82.39,265.3,28.16,28.75,78.3,65.55,240.6,10.8
2021-06,J00-J06,2021,6,76,True,1,27.92,84.13,182.2,28.4,28.16,82.39,78.3,265.3,240.6
2021-07,J00-J06,2021,7,36,True,1,27.38,85.29,303.7,27.92,28.4,84.13,82.39,182.2,265.3
2021-08,J00-J06,2021,8,67,True,1,27.33,85.16,306.8,27.38,27.92,85.29,84.13,303.7,182.2
2021-09,J00-J06,2021,9,40,True,1,26.81,86.77,387.7,27.33,27.38,85.16,85.29,306.8,303.7
2021-10,J00-J06,2021,10,29,True,1,26.62,86.9,374.7,26.81,27.33,86.77,85.16,387.7,306.8
2021-11,J00-J06,2021,11,52,True,1,26.51,86.2,258.6,26.62,26.81,86.9,86.77,374.7,387.7
2021-12,J00-J06,2021,12,72,True,1,26.15,76.84,20.4,26.51,26.62,86.2,86.9,258.6,374.7
2022-01,J00-J06,2022,1,55,False,1,27.29,68.45,9.1,26.15,26.51,76.84,86.2,20.4,258.6
2022-02,J00-J06,2022,2,42,False,1,28.3,66.11,32.1,27.29,26.15,68.45,76.84,9.1,20.4
2022-03,J00-J06,2022,3,68,False,1,28.52,70.71,83.7,28.3,27.29,66.11,68.45,32.1,9.1
2022-04,J00-J06,2022,4,70,False,1,27.77,79.9,185.2,28.52,28.3,70.71,66.11,83.7,32.1
2022-05,J00-J06,2022,5,65,False,1,27.47,85.23,359.7,27.77,28.52,79.9,70.71,185.2,83.7
2022-06,J00-J06,2022,6,119,False,1,27.51,84.37,306.6,27.47,27.77,85.23,79.9,359.7,185.2
2022-07,J00-J06,2022,7,129,False,1,27.09,86.06,312.8,27.51,27.47,84.37,85.23,306.6,359.7
2022-08,J00-J06,2022,8,130,False,1,26.9,86.16,345.9,27.09,27.51,86.06,84.37,312.8,306.6
2022-09,J00-J06,2022,9,167,False,1,26.54,86.73,408.4,26.9,27.09,86.16,86.06,345.9,312.8
2022-10,J00-J06,2022,10,187,False,1,26.43,84.97,283.4,26.54,26.9,86.73,86.16,408.4,345.9
2022-11,J00-J06,2022,11,159,False,1,26.52,85.33,196.4,26.43,26.54,84.97,86.73,283.4,408.4
2022-12,J00-J06,2022,12,122,False,1,26.06,75.77,31.2,26.52,26.43,85.33,84.97,196.4,283.4
2023-01,J00-J06,2023,1,98,False,1,25.92,75.39,86.4,26.06,26.52,75.77,85.33,31.2,196.4
2023-02,J00-J06,2023,2,132,False,1,27.54,66.89,12,25.92,26.06,75.39,75.77,86.4,31.2
2023-03,J00-J06,2023,3,167,False,1,27.82,66.03,2.2,27.54,25.92,66.89,75.39,12,86.4
2023-04,J00-J06,2023,4,120,False,1,29.59,72.37,90.7,27.82,27.54,66.03,66.89,2.2,12
2023-05,J00-J06,2023,5,103,False,1,28.95,79.1,237.5,29.59,27.82,72.37,66.03,90.7,2.2
2023-06,J00-J06,2023,6,89,False,1,27.67,85.13,292.1,28.95,29.59,79.1,72.37,237.5,90.7
2023-07,J00-J06,2023,7,128,False,1,27.15,86.1,402.8,27.67,28.95,85.13,79.1,292.1,237.5
2023-08,J00-J06,2023,8,139,False,1,27.61,84.71,321.6,27.15,27.67,86.1,85.13,402.8,292.1
2023-09,J00-J06,2023,9,123,False,1,26.86,86.93,449.8,27.61,27.15,84.71,86.1,321.6,402.8
2023-10,J00-J06,2023,10,119,False,1,27,86.61,408.5,26.86,27.61,86.93,84.71,449.8,321.6
2023-11,J00-J06,2023,11,165,False,1,26.95,83.3,117.7,27,26.86,86.61,86.93,408.5,449.8
2023-12,J00-J06,2023,12,169,False,1,27.65,73.87,33.9,26.95,27,83.3,86.61,117.7,408.5
2024-01,J00-J06,2024,1,151,False,1,27.58,68.16,2.1,27.65,26.95,73.87,83.3,33.9,117.7
2024-02,J00-J06,2024,2,105,False,1,28.31,66.72,2.3,27.58,27.65,68.16,73.87,2.1,33.9
2024-03,J00-J06,2024,3,147,False,1,29.4,65.13,4.4,28.31,27.58,66.72,68.16,2.3,2.1
2024-04,J00-J06,2024,4,118,False,1,30.87,66.1,4.4,29.4,28.31,65.13,66.72,4.4,2.3
2024-05,J00-J06,2024,5,126,False,1,29.93,76.71,213,30.87,29.4,66.1,65.13,4.4,4.4
2024-06,J00-J06,2024,6,139,False,1,28.41,82.07,255.2,29.93,30.87,76.71,66.1,213,4.4
2024-07,J00-J06,2024,7,125,False,1,27.09,86.23,359.9,28.41,29.93,82.07,76.71,255.2,213
2024-08,J00-J06,2024,8,118,False,1,27.84,83.68,280.5,27.09,28.41,86.23,82.07,359.9,255.2
2024-09,J00-J06,2024,9,139,False,1,27.03,86.9,404.5,27.84,27.09,83.68,86.23,280.5,359.9
2024-10,J00-J06,2024,10,148,False,1,26.8,86.29,345,27.03,27.84,86.9,83.68,404.5,280.5
2024-11,J00-J06,2024,11,147,False,1,27.69,78.83,76.4,26.8,27.03,86.29,86.9,345,404.5
2024-12,J00-J06,2024,12,198,False,1,26.28,80.65,126.5,27.69,26.8,78.83,86.29,76.4,345
2025-01,J00-J06,2025,1,218,False,1,26.34,70.9,26.2,26.28,27.69,80.65,78.83,126.5,76.4
2025-02,J00-J06,2025,2,222,False,1,27.31,71.82,49.2,26.34,26.28,70.9,80.65,26.2,126.5
2025-03,J00-J06,2025,3,207,False,1,28.74,68.03,20.7,27.31,26.34,71.82,70.9,49.2,26.2
2025-04,J00-J06,2025,4,185,False,1,29.07,73.4,60.7,28.74,27.31,68.03,71.82,20.7,49.2
2025-05,J00-J06,2025,5,179,False,1,28.37,81.58,316.8,29.07,28.74,73.4,68.03,60.7,20.7
2025-06,J00-J06,2025,6,110,False,1,27.36,86.13,330.3,28.37,29.07,81.58,73.4,316.8,60.7
2025-07,J00-J06,2025,7,109,False,1,27.48,84.65,315.6,27.36,28.37,86.13,81.58,330.3,316.8
2025-08,J00-J06,2025,8,116,False,1,27.07,85.32,453.2,27.48,27.36,84.65,86.13,315.6,330.3
2025-09,J00-J06,2025,9,161,False,1,26.6,87.67,470.9,27.07,27.48,85.32,84.65,453.2,315.6
2025-10,J00-J06,2025,10,201,False,1,27.1,85.65,275.9,26.6,27.07,87.67,85.32,470.9,453.2
2025-11,J00-J06,2025,11,180,False,1,26.33,82.73,216.3,27.1,26.6,85.65,87.67,275.9,470.9
2025-12,J00-J06,2025,12,146,False,1,26.98,77.29,151.9,26.33,27.1,82.73,85.65,216.3,275.9
2026-01,J00-J06,2026,1,142,False,1,26.14,67.23,17,26.98,26.33,77.29,82.73,151.9,216.3
2026-02,J00-J06,2026,2,104,False,1,27.65,68.46,55.3,26.14,26.98,67.23,77.29,17,151.9
2026-03,J00-J06,2026,3,167,False,1,27.83,71.35,19.1,27.65,26.14,68.46,67.23,55.3,17
2026-04,J00-J06,2026,4,191,False,1,29.93,66.13,6.8,27.83,27.65,71.35,68.46,19.1,55.3
2026-05,J00-J06,2026,5,101,False,1,30.09,72,124.1,29.93,27.83,66.13,71.35,6.8,19.1
2026-06,J00-J06,2026,6,154,False,1,28.5,82.3,208.3,30.09,29.93,72,66.13,124.1,6.8
2026-07,J00-J06,2026,7,135,False,1,27.8,82.48,239.7,28.5,30.09,82.3,72,208.3,124.1
2026-08,J00-J06,2026,8,124,False,1,28,80.94,210.3,27.8,28.5,82.48,82.3,239.7,208.3
2026-09,J00-J06,2026,9,36,False,0,26.51,85.76,242.9,28,27.8,80.94,82.48,210.3,239.7
2019-01,J09-J18,2019,1,14,False,1,26.82,68.39,9.7,,,,,,
2019-02,J09-J18,2019,2,4,False,1,28.03,63.39,2.5,26.82,,68.39,,9.7,
2019-03,J09-J18,2019,3,4,False,1,28.9,66.97,9.5,28.03,26.82,63.39,68.39,2.5,9.7
2019-04,J09-J18,2019,4,11,False,1,30.02,69.07,38.1,28.9,28.03,66.97,63.39,9.5,2.5
2019-05,J09-J18,2019,5,19,False,1,28.84,81.77,234.6,30.02,28.9,69.07,66.97,38.1,9.5
2019-06,J09-J18,2019,6,25,False,1,27.84,85.77,182.3,28.84,30.02,81.77,69.07,234.6,38.1
2019-07,J09-J18,2019,7,26,False,1,27.38,85.39,269.6,27.84,28.84,85.77,81.77,182.3,234.6
2019-08,J09-J18,2019,8,35,False,1,27.2,85.9,281.4,27.38,27.84,85.39,85.77,269.6,182.3
2019-09,J09-J18,2019,9,41,False,1,26.94,85.93,308.1,27.2,27.38,85.9,85.39,281.4,269.6
2019-10,J09-J18,2019,10,48,False,1,27.48,83.03,127.2,26.94,27.2,85.93,85.9,308.1,281.4
2019-11,J09-J18,2019,11,31,False,1,26.83,80.83,91.9,27.48,26.94,83.03,85.93,127.2,308.1
2019-12,J09-J18,2019,12,36,False,1,26.85,67.87,2.8,26.83,27.48,80.83,83.03,91.9,127.2
2020-01,J09-J18,2020,1,37,True,1,27.64,65.16,2.6,26.85,26.83,67.87,80.83,2.8,91.9
2020-02,J09-J18,2020,2,24,True,1,27.87,59.86,3,27.64,26.85,65.16,67.87,2.6,2.8
2020-03,J09-J18,2020,3,29,True,1,28.98,66.77,4.7,27.87,27.64,59.86,65.16,3,2.6
2020-04,J09-J18,2020,4,10,True,1,29.17,72.6,52.4,28.98,27.87,66.77,59.86,4.7,3
2020-05,J09-J18,2020,5,14,True,1,29.92,75.84,143,29.17,28.98,72.6,66.77,52.4,4.7
2020-06,J09-J18,2020,6,31,True,1,27.59,86.13,394.8,29.92,29.17,75.84,72.6,143,52.4
2020-07,J09-J18,2020,7,28,True,1,27.52,85.84,280,27.59,29.92,86.13,75.84,394.8,143
2020-08,J09-J18,2020,8,25,True,1,27.55,85.13,276.2,27.52,27.59,85.84,86.13,280,394.8
2020-09,J09-J18,2020,9,35,True,1,27.3,86.13,330.2,27.55,27.52,85.13,85.84,276.2,280
2020-10,J09-J18,2020,10,68,True,1,26.32,88.68,411.1,27.3,27.55,86.13,85.13,330.2,276.2
2020-11,J09-J18,2020,11,33,True,1,26.92,82.47,135.4,26.32,27.3,88.68,86.13,411.1,330.2
2020-12,J09-J18,2020,12,25,True,1,26.83,74.26,62.4,26.92,26.32,82.47,88.68,135.4,411.1
2021-01,J09-J18,2021,1,24,True,1,26.61,64.81,21,26.83,26.92,74.26,82.47,62.4,135.4
2021-02,J09-J18,2021,2,17,True,1,26.57,67.89,11.6,26.61,26.83,64.81,74.26,21,62.4
2021-03,J09-J18,2021,3,20,True,1,28.75,65.55,10.8,26.57,26.61,67.89,64.81,11.6,21
2021-04,J09-J18,2021,4,15,True,1,28.16,78.3,240.6,28.75,26.57,65.55,67.89,10.8,11.6
2021-05,J09-J18,2021,5,18,True,1,28.4,82.39,265.3,28.16,28.75,78.3,65.55,240.6,10.8
2021-06,J09-J18,2021,6,8,True,1,27.92,84.13,182.2,28.4,28.16,82.39,78.3,265.3,240.6
2021-07,J09-J18,2021,7,24,True,1,27.38,85.29,303.7,27.92,28.4,84.13,82.39,182.2,265.3
2021-08,J09-J18,2021,8,29,True,1,27.33,85.16,306.8,27.38,27.92,85.29,84.13,303.7,182.2
2021-09,J09-J18,2021,9,26,True,1,26.81,86.77,387.7,27.33,27.38,85.16,85.29,306.8,303.7
2021-10,J09-J18,2021,10,43,True,1,26.62,86.9,374.7,26.81,27.33,86.77,85.16,387.7,306.8
2021-11,J09-J18,2021,11,59,True,1,26.51,86.2,258.6,26.62,26.81,86.9,86.77,374.7,387.7
2021-12,J09-J18,2021,12,57,True,1,26.15,76.84,20.4,26.51,26.62,86.2,86.9,258.6,374.7
2022-01,J09-J18,2022,1,80,False,1,27.29,68.45,9.1,26.15,26.51,76.84,86.2,20.4,258.6
2022-02,J09-J18,2022,2,75,False,1,28.3,66.11,32.1,27.29,26.15,68.45,76.84,9.1,20.4
2022-03,J09-J18,2022,3,139,False,1,28.52,70.71,83.7,28.3,27.29,66.11,68.45,32.1,9.1
2022-04,J09-J18,2022,4,120,False,1,27.77,79.9,185.2,28.52,28.3,70.71,66.11,83.7,32.1
2022-05,J09-J18,2022,5,84,False,1,27.47,85.23,359.7,27.77,28.52,79.9,70.71,185.2,83.7
2022-06,J09-J18,2022,6,97,False,1,27.51,84.37,306.6,27.47,27.77,85.23,79.9,359.7,185.2
2022-07,J09-J18,2022,7,99,False,1,27.09,86.06,312.8,27.51,27.47,84.37,85.23,306.6,359.7
2022-08,J09-J18,2022,8,125,False,1,26.9,86.16,345.9,27.09,27.51,86.06,84.37,312.8,306.6
2022-09,J09-J18,2022,9,116,False,1,26.54,86.73,408.4,26.9,27.09,86.16,86.06,345.9,312.8
2022-10,J09-J18,2022,10,115,False,1,26.43,84.97,283.4,26.54,26.9,86.73,86.16,408.4,345.9
2022-11,J09-J18,2022,11,86,False,1,26.52,85.33,196.4,26.43,26.54,84.97,86.73,283.4,408.4
2022-12,J09-J18,2022,12,90,False,1,26.06,75.77,31.2,26.52,26.43,85.33,84.97,196.4,283.4
2023-01,J09-J18,2023,1,40,False,1,25.92,75.39,86.4,26.06,26.52,75.77,85.33,31.2,196.4
2023-02,J09-J18,2023,2,48,False,1,27.54,66.89,12,25.92,26.06,75.39,75.77,86.4,31.2
2023-03,J09-J18,2023,3,51,False,1,27.82,66.03,2.2,27.54,25.92,66.89,75.39,12,86.4
2023-04,J09-J18,2023,4,45,False,1,29.59,72.37,90.7,27.82,27.54,66.03,66.89,2.2,12
2023-05,J09-J18,2023,5,45,False,1,28.95,79.1,237.5,29.59,27.82,72.37,66.03,90.7,2.2
2023-06,J09-J18,2023,6,49,False,1,27.67,85.13,292.1,28.95,29.59,79.1,72.37,237.5,90.7
2023-07,J09-J18,2023,7,60,False,1,27.15,86.1,402.8,27.67,28.95,85.13,79.1,292.1,237.5
2023-08,J09-J18,2023,8,58,False,1,27.61,84.71,321.6,27.15,27.67,86.1,85.13,402.8,292.1
2023-09,J09-J18,2023,9,55,False,1,26.86,86.93,449.8,27.61,27.15,84.71,86.1,321.6,402.8
2023-10,J09-J18,2023,10,65,False,1,27,86.61,408.5,26.86,27.61,86.93,84.71,449.8,321.6
2023-11,J09-J18,2023,11,76,False,1,26.95,83.3,117.7,27,26.86,86.61,86.93,408.5,449.8
2023-12,J09-J18,2023,12,69,False,1,27.65,73.87,33.9,26.95,27,83.3,86.61,117.7,408.5
2024-01,J09-J18,2024,1,59,False,1,27.58,68.16,2.1,27.65,26.95,73.87,83.3,33.9,117.7
2024-02,J09-J18,2024,2,30,False,1,28.31,66.72,2.3,27.58,27.65,68.16,73.87,2.1,33.9
2024-03,J09-J18,2024,3,61,False,1,29.4,65.13,4.4,28.31,27.58,66.72,68.16,2.3,2.1
2024-04,J09-J18,2024,4,38,False,1,30.87,66.1,4.4,29.4,28.31,65.13,66.72,4.4,2.3
2024-05,J09-J18,2024,5,45,False,1,29.93,76.71,213,30.87,29.4,66.1,65.13,4.4,4.4
2024-06,J09-J18,2024,6,45,False,1,28.41,82.07,255.2,29.93,30.87,76.71,66.1,213,4.4
2024-07,J09-J18,2024,7,77,False,1,27.09,86.23,359.9,28.41,29.93,82.07,76.71,255.2,213
2024-08,J09-J18,2024,8,94,False,1,27.84,83.68,280.5,27.09,28.41,86.23,82.07,359.9,255.2
2024-09,J09-J18,2024,9,106,False,1,27.03,86.9,404.5,27.84,27.09,83.68,86.23,280.5,359.9
2024-10,J09-J18,2024,10,169,False,1,26.8,86.29,345,27.03,27.84,86.9,83.68,404.5,280.5
2024-11,J09-J18,2024,11,178,False,1,27.69,78.83,76.4,26.8,27.03,86.29,86.9,345,404.5
2024-12,J09-J18,2024,12,158,False,1,26.28,80.65,126.5,27.69,26.8,78.83,86.29,76.4,345
2025-01,J09-J18,2025,1,160,False,1,26.34,70.9,26.2,26.28,27.69,80.65,78.83,126.5,76.4
2025-02,J09-J18,2025,2,160,False,1,27.31,71.82,49.2,26.34,26.28,70.9,80.65,26.2,126.5
2025-03,J09-J18,2025,3,170,False,1,28.74,68.03,20.7,27.31,26.34,71.82,70.9,49.2,26.2
2025-04,J09-J18,2025,4,156,False,1,29.07,73.4,60.7,28.74,27.31,68.03,71.82,20.7,49.2
2025-05,J09-J18,2025,5,169,False,1,28.37,81.58,316.8,29.07,28.74,73.4,68.03,60.7,20.7
2025-06,J09-J18,2025,6,183,False,1,27.36,86.13,330.3,28.37,29.07,81.58,73.4,316.8,60.7
2025-07,J09-J18,2025,7,206,False,1,27.48,84.65,315.6,27.36,28.37,86.13,81.58,330.3,316.8
2025-08,J09-J18,2025,8,204,False,1,27.07,85.32,453.2,27.48,27.36,84.65,86.13,315.6,330.3
2025-09,J09-J18,2025,9,213,False,1,26.6,87.67,470.9,27.07,27.48,85.32,84.65,453.2,315.6
2025-10,J09-J18,2025,10,328,False,1,27.1,85.65,275.9,26.6,27.07,87.67,85.32,470.9,453.2
2025-11,J09-J18,2025,11,241,False,1,26.33,82.73,216.3,27.1,26.6,85.65,87.67,275.9,470.9
2025-12,J09-J18,2025,12,224,False,1,26.98,77.29,151.9,26.33,27.1,82.73,85.65,216.3,275.9
2026-01,J09-J18,2026,1,173,False,1,26.14,67.23,17,26.98,26.33,77.29,82.73,151.9,216.3
2026-02,J09-J18,2026,2,161,False,1,27.65,68.46,55.3,26.14,26.98,67.23,77.29,17,151.9
2026-03,J09-J18,2026,3,176,False,1,27.83,71.35,19.1,27.65,26.14,68.46,67.23,55.3,17
2026-04,J09-J18,2026,4,181,False,1,29.93,66.13,6.8,27.83,27.65,71.35,68.46,19.1,55.3
2026-05,J09-J18,2026,5,173,False,1,30.09,72,124.1,29.93,27.83,66.13,71.35,6.8,19.1
2026-06,J09-J18,2026,6,161,False,1,28.5,82.3,208.3,30.09,29.93,72,66.13,124.1,6.8
2026-07,J09-J18,2026,7,197,False,1,27.8,82.48,239.7,28.5,30.09,82.3,72,208.3,124.1
2026-08,J09-J18,2026,8,178,False,1,28,80.94,210.3,27.8,28.5,82.48,82.3,239.7,208.3
2026-09,J09-J18,2026,9,52,False,0,26.51,85.76,242.9,28,27.8,80.94,82.48,210.3,239.7
2019-01,J20-J22,2019,1,1,False,1,26.82,68.39,9.7,,,,,,
2019-03,J20-J22,2019,3,5,False,1,28.9,66.97,9.5,26.82,,68.39,,9.7,
2019-04,J20-J22,2019,4,5,False,1,30.02,69.07,38.1,28.9,26.82,66.97,68.39,9.5,9.7
2019-05,J20-J22,2019,5,21,False,1,28.84,81.77,234.6,30.02,28.9,69.07,66.97,38.1,9.5
2019-06,J20-J22,2019,6,43,False,1,27.84,85.77,182.3,28.84,30.02,81.77,69.07,234.6,38.1
2019-07,J20-J22,2019,7,38,False,1,27.38,85.39,269.6,27.84,28.84,85.77,81.77,182.3,234.6
2019-08,J20-J22,2019,8,25,False,1,27.2,85.9,281.4,27.38,27.84,85.39,85.77,269.6,182.3
2019-09,J20-J22,2019,9,56,False,1,26.94,85.93,308.1,27.2,27.38,85.9,85.39,281.4,269.6
2019-10,J20-J22,2019,10,56,False,1,27.48,83.03,127.2,26.94,27.2,85.93,85.9,308.1,281.4
2019-11,J20-J22,2019,11,43,False,1,26.83,80.83,91.9,27.48,26.94,83.03,85.93,127.2,308.1
2019-12,J20-J22,2019,12,44,False,1,26.85,67.87,2.8,26.83,27.48,80.83,83.03,91.9,127.2
2020-01,J20-J22,2020,1,62,True,1,27.64,65.16,2.6,26.85,26.83,67.87,80.83,2.8,91.9
2020-02,J20-J22,2020,2,51,True,1,27.87,59.86,3,27.64,26.85,65.16,67.87,2.6,2.8
2020-03,J20-J22,2020,3,38,True,1,28.98,66.77,4.7,27.87,27.64,59.86,65.16,3,2.6
2020-04,J20-J22,2020,4,5,True,1,29.17,72.6,52.4,28.98,27.87,66.77,59.86,4.7,3
2020-05,J20-J22,2020,5,11,True,1,29.92,75.84,143,29.17,28.98,72.6,66.77,52.4,4.7
2020-06,J20-J22,2020,6,21,True,1,27.59,86.13,394.8,29.92,29.17,75.84,72.6,143,52.4
2020-07,J20-J22,2020,7,23,True,1,27.52,85.84,280,27.59,29.92,86.13,75.84,394.8,143
2020-08,J20-J22,2020,8,12,True,1,27.55,85.13,276.2,27.52,27.59,85.84,86.13,280,394.8
2020-09,J20-J22,2020,9,18,True,1,27.3,86.13,330.2,27.55,27.52,85.13,85.84,276.2,280
2020-10,J20-J22,2020,10,33,True,1,26.32,88.68,411.1,27.3,27.55,86.13,85.13,330.2,276.2
2020-11,J20-J22,2020,11,37,True,1,26.92,82.47,135.4,26.32,27.3,88.68,86.13,411.1,330.2
2020-12,J20-J22,2020,12,34,True,1,26.83,74.26,62.4,26.92,26.32,82.47,88.68,135.4,411.1
2021-01,J20-J22,2021,1,35,True,1,26.61,64.81,21,26.83,26.92,74.26,82.47,62.4,135.4
2021-02,J20-J22,2021,2,25,True,1,26.57,67.89,11.6,26.61,26.83,64.81,74.26,21,62.4
2021-03,J20-J22,2021,3,27,True,1,28.75,65.55,10.8,26.57,26.61,67.89,64.81,11.6,21
2021-04,J20-J22,2021,4,32,True,1,28.16,78.3,240.6,28.75,26.57,65.55,67.89,10.8,11.6
2021-05,J20-J22,2021,5,12,True,1,28.4,82.39,265.3,28.16,28.75,78.3,65.55,240.6,10.8
2021-06,J20-J22,2021,6,12,True,1,27.92,84.13,182.2,28.4,28.16,82.39,78.3,265.3,240.6
2021-07,J20-J22,2021,7,5,True,1,27.38,85.29,303.7,27.92,28.4,84.13,82.39,182.2,265.3
2021-08,J20-J22,2021,8,16,True,1,27.33,85.16,306.8,27.38,27.92,85.29,84.13,303.7,182.2
2021-09,J20-J22,2021,9,8,True,1,26.81,86.77,387.7,27.33,27.38,85.16,85.29,306.8,303.7
2021-10,J20-J22,2021,10,13,True,1,26.62,86.9,374.7,26.81,27.33,86.77,85.16,387.7,306.8
2021-11,J20-J22,2021,11,16,True,1,26.51,86.2,258.6,26.62,26.81,86.9,86.77,374.7,387.7
2021-12,J20-J22,2021,12,23,True,1,26.15,76.84,20.4,26.51,26.62,86.2,86.9,258.6,374.7
2022-01,J20-J22,2022,1,29,False,1,27.29,68.45,9.1,26.15,26.51,76.84,86.2,20.4,258.6
2022-02,J20-J22,2022,2,26,False,1,28.3,66.11,32.1,27.29,26.15,68.45,76.84,9.1,20.4
2022-03,J20-J22,2022,3,39,False,1,28.52,70.71,83.7,28.3,27.29,66.11,68.45,32.1,9.1
2022-04,J20-J22,2022,4,41,False,1,27.77,79.9,185.2,28.52,28.3,70.71,66.11,83.7,32.1
2022-05,J20-J22,2022,5,44,False,1,27.47,85.23,359.7,27.77,28.52,79.9,70.71,185.2,83.7
2022-06,J20-J22,2022,6,42,False,1,27.51,84.37,306.6,27.47,27.77,85.23,79.9,359.7,185.2
2022-07,J20-J22,2022,7,47,False,1,27.09,86.06,312.8,27.51,27.47,84.37,85.23,306.6,359.7
2022-08,J20-J22,2022,8,77,False,1,26.9,86.16,345.9,27.09,27.51,86.06,84.37,312.8,306.6
2022-09,J20-J22,2022,9,80,False,1,26.54,86.73,408.4,26.9,27.09,86.16,86.06,345.9,312.8
2022-10,J20-J22,2022,10,101,False,1,26.43,84.97,283.4,26.54,26.9,86.73,86.16,408.4,345.9
2022-11,J20-J22,2022,11,92,False,1,26.52,85.33,196.4,26.43,26.54,84.97,86.73,283.4,408.4
2022-12,J20-J22,2022,12,77,False,1,26.06,75.77,31.2,26.52,26.43,85.33,84.97,196.4,283.4
2023-01,J20-J22,2023,1,71,False,1,25.92,75.39,86.4,26.06,26.52,75.77,85.33,31.2,196.4
2023-02,J20-J22,2023,2,93,False,1,27.54,66.89,12,25.92,26.06,75.39,75.77,86.4,31.2
2023-03,J20-J22,2023,3,93,False,1,27.82,66.03,2.2,27.54,25.92,66.89,75.39,12,86.4
2023-04,J20-J22,2023,4,72,False,1,29.59,72.37,90.7,27.82,27.54,66.03,66.89,2.2,12
2023-05,J20-J22,2023,5,57,False,1,28.95,79.1,237.5,29.59,27.82,72.37,66.03,90.7,2.2
2023-06,J20-J22,2023,6,63,False,1,27.67,85.13,292.1,28.95,29.59,79.1,72.37,237.5,90.7
2023-07,J20-J22,2023,7,69,False,1,27.15,86.1,402.8,27.67,28.95,85.13,79.1,292.1,237.5
2023-08,J20-J22,2023,8,65,False,1,27.61,84.71,321.6,27.15,27.67,86.1,85.13,402.8,292.1
2023-09,J20-J22,2023,9,91,False,1,26.86,86.93,449.8,27.61,27.15,84.71,86.1,321.6,402.8
2023-10,J20-J22,2023,10,107,False,1,27,86.61,408.5,26.86,27.61,86.93,84.71,449.8,321.6
2023-11,J20-J22,2023,11,115,False,1,26.95,83.3,117.7,27,26.86,86.61,86.93,408.5,449.8
2023-12,J20-J22,2023,12,104,False,1,27.65,73.87,33.9,26.95,27,83.3,86.61,117.7,408.5
2024-01,J20-J22,2024,1,140,False,1,27.58,68.16,2.1,27.65,26.95,73.87,83.3,33.9,117.7
2024-02,J20-J22,2024,2,96,False,1,28.31,66.72,2.3,27.58,27.65,68.16,73.87,2.1,33.9
2024-03,J20-J22,2024,3,89,False,1,29.4,65.13,4.4,28.31,27.58,66.72,68.16,2.3,2.1
2024-04,J20-J22,2024,4,73,False,1,30.87,66.1,4.4,29.4,28.31,65.13,66.72,4.4,2.3
2024-05,J20-J22,2024,5,91,False,1,29.93,76.71,213,30.87,29.4,66.1,65.13,4.4,4.4
2024-06,J20-J22,2024,6,62,False,1,28.41,82.07,255.2,29.93,30.87,76.71,66.1,213,4.4
2024-07,J20-J22,2024,7,95,False,1,27.09,86.23,359.9,28.41,29.93,82.07,76.71,255.2,213
2024-08,J20-J22,2024,8,99,False,1,27.84,83.68,280.5,27.09,28.41,86.23,82.07,359.9,255.2
2024-09,J20-J22,2024,9,58,False,1,27.03,86.9,404.5,27.84,27.09,83.68,86.23,280.5,359.9
2024-10,J20-J22,2024,10,76,False,1,26.8,86.29,345,27.03,27.84,86.9,83.68,404.5,280.5
2024-11,J20-J22,2024,11,36,False,1,27.69,78.83,76.4,26.8,27.03,86.29,86.9,345,404.5
2024-12,J20-J22,2024,12,21,False,1,26.28,80.65,126.5,27.69,26.8,78.83,86.29,76.4,345
2025-01,J20-J22,2025,1,32,False,1,26.34,70.9,26.2,26.28,27.69,80.65,78.83,126.5,76.4
2025-02,J20-J22,2025,2,37,False,1,27.31,71.82,49.2,26.34,26.28,70.9,80.65,26.2,126.5
2025-03,J20-J22,2025,3,25,False,1,28.74,68.03,20.7,27.31,26.34,71.82,70.9,49.2,26.2
2025-04,J20-J22,2025,4,32,False,1,29.07,73.4,60.7,28.74,27.31,68.03,71.82,20.7,49.2
2025-05,J20-J22,2025,5,34,False,1,28.37,81.58,316.8,29.07,28.74,73.4,68.03,60.7,20.7
2025-06,J20-J22,2025,6,39,False,1,27.36,86.13,330.3,28.37,29.07,81.58,73.4,316.8,60.7
2025-07,J20-J22,2025,7,20,False,1,27.48,84.65,315.6,27.36,28.37,86.13,81.58,330.3,316.8
2025-08,J20-J22,2025,8,57,False,1,27.07,85.32,453.2,27.48,27.36,84.65,86.13,315.6,330.3
2025-09,J20-J22,2025,9,79,False,1,26.6,87.67,470.9,27.07,27.48,85.32,84.65,453.2,315.6
2025-10,J20-J22,2025,10,109,False,1,27.1,85.65,275.9,26.6,27.07,87.67,85.32,470.9,453.2
2025-11,J20-J22,2025,11,66,False,1,26.33,82.73,216.3,27.1,26.6,85.65,87.67,275.9,470.9
2025-12,J20-J22,2025,12,39,False,1,26.98,77.29,151.9,26.33,27.1,82.73,85.65,216.3,275.9
2026-01,J20-J22,2026,1,30,False,1,26.14,67.23,17,26.98,26.33,77.29,82.73,151.9,216.3
2026-02,J20-J22,2026,2,31,False,1,27.65,68.46,55.3,26.14,26.98,67.23,77.29,17,151.9
2026-03,J20-J22,2026,3,48,False,1,27.83,71.35,19.1,27.65,26.14,68.46,67.23,55.3,17
2026-04,J20-J22,2026,4,41,False,1,29.93,66.13,6.8,27.83,27.65,71.35,68.46,19.1,55.3
2026-05,J20-J22,2026,5,34,False,1,30.09,72,124.1,29.93,27.83,66.13,71.35,6.8,19.1
2026-06,J20-J22,2026,6,29,False,1,28.5,82.3,208.3,30.09,29.93,72,66.13,124.1,6.8
2026-07,J20-J22,2026,7,42,False,1,27.8,82.48,239.7,28.5,30.09,82.3,72,208.3,124.1
2026-08,J20-J22,2026,8,24,False,1,28,80.94,210.3,27.8,28.5,82.48,82.3,239.7,208.3
2026-09,J20-J22,2026,9,13,False,0,26.51,85.76,242.9,28,27.8,80.94,82.48,210.3,239.7
